Workbook

Sheet Sheet1
A1: NAMES | B1: maths | C1: computer | D1: TOTAL
A2: STUDENT 1 | B2: 20 | C2: 10 | D2: =SUM(B2:C2) -> 30 | G2: NAME | H2: MATHS | I2: SCIENCE | J2: COMPUTER | K2: PERCENTAGE | L2: DIVISION | M2: PERFORMANCE
A3: STUDENT 2 | B3: 15 | C3: 100 | D3: =SUM(B3:C3) -> 115 | G3: STUDENT 11 | H3: =VLOOKUP(G3,A1:D51,2,0) -> 20 | I3: =VLOOKUP(G3,[1]Sheet1!$A$1:$B$51,2,0) -> 10 | K3: =VLOOKUP(Sheet1!G3,Sheet2!A1:F51,2,0) -> 10
A4: STUDENT 3 | B4: 20 | C4: 30 | D4: =SUM(B4:C4) -> 50
A5: STUDENT 4 | B5: 15 | C5: 40 | D5: =SUM(B5:C5) -> 55
A6: STUDENT 5 | B6: 15 | C6: 50 | D6: =SUM(B6:C6) -> 65
A7: STUDENT 6 | B7: 14 | C7: 60 | D7: =SUM(B7:C7) -> 74
A8: STUDENT 7 | B8: 100 | C8: 70 | D8: =SUM(B8:C8) -> 170
A9: STUDENT 8 | B9: 12 | C9: 80 | D9: =SUM(B9:C9) -> 92
A10: STUDENT 9 | B10: 11 | C10: 90 | D10: =SUM(B10:C10) -> 101
A11: STUDENT 10 | B11: 100 | C11: 100 | D11: =SUM(B11:C11) -> 200
A12: STUDENT 11 | B12: 20 | C12: 10 | D12: =SUM(B12:C12) -> 30
A13: STUDENT 12 | B13: 15 | C13: 100 | D13: =SUM(B13:C13) -> 115
A14: STUDENT 13 | B14: 20 | C14: 30 | D14: =SUM(B14:C14) -> 50
A15: STUDENT 14 | B15: 15 | C15: 40 | D15: =SUM(B15:C15) -> 55
... A51: STUDENT 50 | B51: 100 | C51: 100 | D51: =SUM(B51:C51) -> 200
D52: DYNAMIC | E52: DYNAMIC | G52: DYNAMIC | H52: DYNAMIC | I52: 108

Sheet Sheet2
A1: NAMES | B1: PERCENTAGE | D1: PASS/FAIL | E1: DIVISION | F1: performance
A2: STUDENT 1 | B2: =Sheet1!D2*100/300 -> 10 | D2: =IF(Sheet1!D2<150,"FAIL","PASS") -> FAIL | E2: =IF(Sheet1!D2<150,"3RD DIVISION",IF(Sheet1!D2<250,"2ND DIVISION","1ST DIVISION")) -> 3RD DIVISION | F2: 8
A3: STUDENT 2 | B3: =Sheet1!D3*100/300 -> 38.333333 | D3: =IF(Sheet1!D3<150,"FAIL","PASS") -> FAIL | E3: =IF(Sheet1!D3<150,"3RD DIVISION",IF(Sheet1!D3<250,"2ND DIVISION","1ST DIVISION")) -> 3RD DIVISION | F3: 10
A4: STUDENT 3 | B4: =Sheet1!D4*100/300 -> 16.666667 | D4: =IF(Sheet1!D4<150,"FAIL","PASS") -> FAIL | E4: =IF(Sheet1!D4<150,"3RD DIVISION",IF(Sheet1!D4<250,"2ND DIVISION","1ST DIVISION")) -> 3RD DIVISION | F4: 12
A5: STUDENT 4 | B5: =Sheet1!D5*100/300 -> 18.333333 | D5: =IF(Sheet1!D5<150,"FAIL","PASS") -> FAIL | E5: =IF(Sheet1!D5<150,"3RD DIVISION",IF(Sheet1!D5<250,"2ND DIVISION","1ST DIVISION")) -> 3RD DIVISION | F5: 14
A6: STUDENT 5 | B6: =Sheet1!D6*100/300 -> 21.666667 | D6: =IF(Sheet1!D6<150,"FAIL","PASS") -> FAIL | E6: =IF(Sheet1!D6<150,"3RD DIVISION",IF(Sheet1!D6<250,"2ND DIVISION","1ST DIVISION")) -> 3RD DIVISION | F6: 16
A7: STUDENT 6 | B7: =Sheet1!D7*100/300 -> 24.666667 | D7: =IF(Sheet1!D7<150,"FAIL","PASS") -> FAIL | E7: =IF(Sheet1!D7<150,"3RD DIVISION",IF(Sheet1!D7<250,"2ND DIVISION","1ST DIVISION")) -> 3RD DIVISION | F7: 18
A8: STUDENT 7 | B8: =Sheet1!D8*100/300 -> 56.666667 | D8: =IF(Sheet1!D8<150,"FAIL","PASS") -> PASS | E8: =IF(Sheet1!D8<150,"3RD DIVISION",IF(Sheet1!D8<250,"2ND DIVISION","1ST DIVISION")) -> 2ND DIVISION | F8: 20
A9: STUDENT 8 | B9: =Sheet1!D9*100/300 -> 30.666667 | D9: =IF(Sheet1!D9<150,"FAIL","PASS") -> FAIL | E9: =IF(Sheet1!D9<150,"3RD DIVISION",IF(Sheet1!D9<250,"2ND DIVISION","1ST DIVISION")) -> 3RD DIVISION | F9: 22
A10: STUDENT 9 | B10: =Sheet1!D10*100/300 -> 33.666667 | D10: =IF(Sheet1!D10<150,"FAIL","PASS") -> FAIL | E10: =IF(Sheet1!D10<150,"3RD DIVISION",IF(Sheet1!D10<250,"2ND DIVISION","1ST DIVISION")) -> 3RD DIVISION | F10: 24
A11: STUDENT 10 | B11: =Sheet1!D11*100/300 -> 66.666667 | D11: =IF(Sheet1!D11<150,"FAIL","PASS") -> PASS | E11: =IF(Sheet1!D11<150,"3RD DIVISION",IF(Sheet1!D11<250,"2ND DIVISION","1ST DIVISION")) -> 2ND DIVISION | F11: 26
A12: STUDENT 11 | B12: =Sheet1!D12*100/300 -> 10 | D12: =IF(Sheet1!D12<150,"FAIL","PASS") -> FAIL | E12: =IF(Sheet1!D12<150,"3RD DIVISION",IF(Sheet1!D12<250,"2ND DIVISION","1ST DIVISION")) -> 3RD DIVISION | F12: 28
A13: STUDENT 12 | B13: =Sheet1!D13*100/300 -> 38.333333 | D13: =IF(Sheet1!D13<150,"FAIL","PASS") -> FAIL | E13: =IF(Sheet1!D13<150,"3RD DIVISION",IF(Sheet1!D13<250,"2ND DIVISION","1ST DIVISION")) -> 3RD DIVISION | F13: 30
... A51: STUDENT 50 | B51: =Sheet1!D51*100/300 -> 66.666667 | D51: =IF(Sheet1!D51<150,"FAIL","PASS") -> PASS | E51: =IF(Sheet1!D51<150,"3RD DIVISION",IF(Sheet1!D51<250,"2ND DIVISION","1ST DIVISION")) -> 2ND DIVISION | F51: 106
